Criteria,D1,D2,D3,Weight
C1,0.099,0.251,0.218,0.189333333333333
C2,0.082,0.072,0.219,0.124333333333333
C3,0.323,0.212,0.184,0.239666666666667
C4,0.105,0.029,0.238,0.124
C5,0.068,0.233,0.049,0.116666666666667
C6,0.322,0.203,0.091,0.205333333333333
