Criteria,Alternatives,D1,D2,D3,Rating
C1,A1,3,3,2,2.66666666666667
C1,A2,4,1,1,2
C1,A3,1,3,3,2.33333333333333
C2,A1,4,4,2,3.33333333333333
C2,A2,1,2,3,2
C2,A3,3,1,2,2
C3,A1,4,2,3,3
C3,A2,1,4,2,2.33333333333333
C3,A3,2,4,2,2.66666666666667
C4,A1,3,1,1,1.66666666666667
C4,A2,1,1,4,2
C4,A3,1,4,1,2
C5,A1,4,1,1,2
C5,A2,4,4,4,4
C5,A3,4,4,3,3.66666666666667
C6,A1,2,3,4,3
C6,A2,1,2,3,2
C6,A3,3,1,2,2
